{
  "name": "insightly",
  "description": "insightly",
  "triggers": [],
  "actions": [
    "/v1/get_users_list",
    "/v1/create_new_contact",
    "/v1/get_a_contact",
    "/v1/update_a_contact",
    "/v1/delete_a_contact",
    "/v1/add_a_product",
    "/v1/add_a_project",
    "/v1/get_projects_list",
    "/v1/update_a_project",
    "/v1/delete_a_project",
    "/v1/add_an_organisation",
    "/v1/update_an_organisation",
    "/v1/delete_an_organisation",
    "/v1/get_an_organisation"
  ],
  "version": 1,
  "auth_type": "basic",
  "doc_link": "http://docs.example.com",
  "appId": "5a1fbf80-0795-45ac-9f0a-a757dce06ea0",
  "guid": "15ee34ed-986c-4875-834f-44d5b9b52a6f",
  "connectionUid": "insightly-KZC_qDeam"
}